[{"Pesquisador1":"1","Posto":1,"Hora":"2","Local":"1","Data":"2016-05-15","DadosVolumetrica":
[{"Hora1":1,"Valores":"1,0,0,0,0,0,0,0","Hora2":0,"Veículo":"P1"},
{"Hora1":0,"Valores":"0,0,0,0,0,0,0,0","Hora2":0,"Veículo":"P3"},
{"Hora1":0,"Valores":"0,0,0,0,0,0,0,0","Hora2":0,"Veículo":"P2"},
{"Hora1":0,"Valores":"0,0,0,0,0,0,0,0","Hora2":0,"Veículo":"M"},
{"Hora1":0,"Valores":"0,0,0,0,0,0,0,0","Hora2":0,"Veículo":"O1"},
{"Hora1":0,"Valores":"0,0,0,0,0,0,0,0","Hora2":0,"Veículo":"O2"},
{"Hora1":0,"Valores":"0,0,0,0,0,0,0,0","Hora2":0,"Veículo":"O3"},
{"Hora1":0,"Valores":"0,0,0,0,0,0,0,0","Hora2":0,"Veículo":"C1"},
{"Hora1":0,"Valores":"0,0,0,0,0,0,0,0","Hora2":0,"Veículo":"C2"},
{"Hora1":0,"Valores":"0,0,0,0,0,0,0,0","Hora2":0,"Veículo":"C3"},
{"Hora1":0,"Valores":"0,0,0,0,0,0,0,0","Hora2":0,"Veículo":"C4"},
{"Hora1":0,"Valores":"0,0,0,0,0,0,0,0","Hora2":0,"Veículo":"C5"},
{"Hora1":0,"Valores":"0,0,0,0,0,0,0,0","Hora2":0,"Veículo":"S1"},
{"Hora1":0,"Valores":"0,0,0,0,0,0,0,0","Hora2":0,"Veículo":"S2"},
{"Hora1":0,"Valores":"0,0,0,0,0,0,0,0","Hora2":0,"Veículo":"S3"},
{"Hora1":0,"Valores":"0,0,0,0,0,0,0,0","Hora2":0,"Veículo":"S4"},
{"Hora1":0,"Valores":"0,0,0,0,0,0,0,0","Hora2":0,"Veículo":"S5"},
{"Hora1":0,"Valores":"0,0,0,0,0,0,0,0","Hora2":0,"Veículo":"S6"},
{"Hora1":0,"Valores":"0,0,0,0,0,0,0,0","Hora2":0,"Veículo":"SE1"},
{"Hora1":0,"Valores":"0,0,0,0,0,0,0,0","Hora2":0,"Veículo":"SE2"},
{"Hora1":0,"Valores":"0,0,0,0,0,0,0,0","Hora2":0,"Veículo":"SE3"},
{"Hora1":0,"Valores":"0,0,0,0,0,0,0,0","Hora2":0,"Veículo":"SE4"},
{"Hora1":0,"Valores":"0,0,0,0,0,0,0,0","Hora2":0,"Veículo":"SE5"},
{"Hora1":0,"Valores":"0,0,0,0,0,0,0,0","Hora2":0,"Veículo":"R1"},
{"Hora1":0,"Valores":"0,0,0,0,0,0,0,0","Hora2":0,"Veículo":"R2"},
{"Hora1":0,"Valores":"0,0,0,0,0,0,0,0","Hora2":0,"Veículo":"R3"},
{"Hora1":0,"Valores":"0,0,0,0,0,0,0,0","Hora2":0,"Veículo":"R4"},
{"Hora1":0,"Valores":"0,0,0,0,0,0,0,0","Hora2":0,"Veículo":"R5"},
{"Hora1":0,"Valores":"0,0,0,0,0,0,0,0","Hora2":0,"Veículo":"R6"}],"Pesquisador2":"1","Pista":"D","Sentido":"AB"},
{"Pesquisador1":"w","Posto":1,"Hora":"2","Local":"w","Data":"2016-05-15","DadosVolumetrica":
[{"Hora1":1,"Valores":"1,0,0,0,0,0,0,0","Hora2":0,"Veículo":"P1"},
{"Hora1":0,"Valores":"0,0,0,0,0,0,0,0","Hora2":0,"Veículo":"P3"},
{"Hora1":0,"Valores":"0,0,0,0,0,0,0,0","Hora2":0,"Veículo":"P2"},
{"Hora1":0,"Valores":"0,0,0,0,0,0,0,0","Hora2":0,"Veículo":"M"},
{"Hora1":0,"Valores":"0,0,0,0,0,0,0,0","Hora2":0,"Veículo":"O1"},
{"Hora1":0,"Valores":"0,0,0,0,0,0,0,0","Hora2":0,"Veículo":"O2"},
{"Hora1":0,"Valores":"0,0,0,0,0,0,0,0","Hora2":0,"Veículo":"O3"},
{"Hora1":0,"Valores":"0,0,0,0,0,0,0,0","Hora2":0,"Veículo":"C1"},
{"Hora1":0,"Valores":"0,0,0,0,0,0,0,0","Hora2":0,"Veículo":"C2"},
{"Hora1":0,"Valores":"0,0,0,0,0,0,0,0","Hora2":0,"Veículo":"C3"},
{"Hora1":0,"Valores":"0,0,0,0,0,0,0,0","Hora2":0,"Veículo":"C4"},
{"Hora1":0,"Valores":"0,0,0,0,0,0,0,0","Hora2":0,"Veículo":"C5"},
{"Hora1":0,"Valores":"0,0,0,0,0,0,0,0","Hora2":0,"Veículo":"S1"},
{"Hora1":0,"Valores":"0,0,0,0,0,0,0,0","Hora2":0,"Veículo":"S2"},
{"Hora1":0,"Valores":"0,0,0,0,0,0,0,0","Hora2":0,"Veículo":"S3"},
{"Hora1":0,"Valores":"0,0,0,0,0,0,0,0","Hora2":0,"Veículo":"S4"},
{"Hora1":0,"Valores":"0,0,0,0,0,0,0,0","Hora2":0,"Veículo":"S5"},
{"Hora1":0,"Valores":"0,0,0,0,0,0,0,0","Hora2":0,"Veículo":"S6"},
{"Hora1":0,"Valores":"0,0,0,0,0,0,0,0","Hora2":0,"Veículo":"SE1"},
{"Hora1":0,"Valores":"0,0,0,0,0,0,0,0","Hora2":0,"Veículo":"SE2"},
{"Hora1":0,"Valores":"0,0,0,0,0,0,0,0","Hora2":0,"Veículo":"SE3"},
{"Hora1":0,"Valores":"0,0,0,0,0,0,0,0","Hora2":0,"Veículo":"SE4"},
{"Hora1":0,"Valores":"0,0,0,0,0,0,0,0","Hora2":0,"Veículo":"SE5"},
{"Hora1":0,"Valores":"0,0,0,0,0,0,0,0","Hora2":0,"Veículo":"R1"},
{"Hora1":0,"Valores":"0,0,0,0,0,0,0,0","Hora2":0,"Veículo":"R2"},
{"Hora1":0,"Valores":"0,0,0,0,0,0,0,0","Hora2":0,"Veículo":"R3"},
{"Hora1":0,"Valores":"0,0,0,0,0,0,0,0","Hora2":0,"Veículo":"R4"},
{"Hora1":0,"Valores":"0,0,0,0,0,0,0,0","Hora2":0,"Veículo":"R5"},
{"Hora1":0,"Valores":"0,0,0,0,0,0,0,0","Hora2":0,"Veículo":"R6"}],"Pesquisador2":"w","Pista":"S","Sentido":"BA"},
{"Pesquisador1":"l","Posto":1,"Hora":"6","Local":"o","Data":"2016-05-15","DadosVolumetrica":
[{"Hora1":0,"Valores":"0,0,0,0,0,0,0,0","Hora2":0,"Veículo":"P1"},
{"Hora1":0,"Valores":"0,0,0,0,0,0,0,0","Hora2":0,"Veículo":"P3"},
{"Hora1":0,"Valores":"0,0,0,0,0,0,0,0","Hora2":0,"Veículo":"P2"},
{"Hora1":0,"Valores":"0,0,0,0,0,0,0,0","Hora2":0,"Veículo":"M"},
{"Hora1":0,"Valores":"0,0,0,0,0,0,0,0","Hora2":0,"Veículo":"O1"},
{"Hora1":0,"Valores":"0,0,0,0,0,0,0,0","Hora2":0,"Veículo":"O2"},
{"Hora1":0,"Valores":"0,0,0,0,0,0,0,0","Hora2":0,"Veículo":"O3"},
{"Hora1":0,"Valores":"0,0,0,0,0,0,0,0","Hora2":0,"Veículo":"C1"},
{"Hora1":0,"Valores":"0,0,0,0,0,0,0,0","Hora2":0,"Veículo":"C2"},
{"Hora1":0,"Valores":"0,0,0,0,0,0,0,0","Hora2":0,"Veículo":"C3"},
{"Hora1":0,"Valores":"0,0,0,0,0,0,0,0","Hora2":0,"Veículo":"C4"},
{"Hora1":0,"Valores":"0,0,0,0,0,0,0,0","Hora2":0,"Veículo":"C5"},
{"Hora1":0,"Valores":"0,0,0,0,0,0,0,0","Hora2":0,"Veículo":"S1"},
{"Hora1":0,"Valores":"0,0,0,0,0,0,0,0","Hora2":0,"Veículo":"S2"},
{"Hora1":0,"Valores":"0,0,0,0,0,0,0,0","Hora2":0,"Veículo":"S3"},
{"Hora1":0,"Valores":"0,0,0,0,0,0,0,0","Hora2":0,"Veículo":"S4"},
{"Hora1":0,"Valores":"0,0,0,0,0,0,0,0","Hora2":0,"Veículo":"S5"},
{"Hora1":0,"Valores":"0,0,0,0,0,0,0,0","Hora2":0,"Veículo":"S6"},
{"Hora1":0,"Valores":"0,0,0,0,0,0,0,0","Hora2":0,"Veículo":"SE1"},
{"Hora1":0,"Valores":"0,0,0,0,0,0,0,0","Hora2":0,"Veículo":"SE2"},
{"Hora1":0,"Valores":"0,0,0,0,0,0,0,0","Hora2":0,"Veículo":"SE3"},
{"Hora1":0,"Valores":"0,0,0,0,0,0,0,0","Hora2":0,"Veículo":"SE4"},
{"Hora1":0,"Valores":"0,0,0,0,0,0,0,0","Hora2":0,"Veículo":"SE5"},
{"Hora1":0,"Valores":"0,0,0,0,0,0,0,0","Hora2":0,"Veículo":"R1"},
{"Hora1":0,"Valores":"0,0,0,0,0,0,0,0","Hora2":0,"Veículo":"R2"},
{"Hora1":0,"Valores":"0,0,0,0,0,0,0,0","Hora2":0,"Veículo":"R3"},
{"Hora1":0,"Valores":"0,0,0,0,0,0,0,0","Hora2":0,"Veículo":"R4"},
{"Hora1":0,"Valores":"0,0,0,0,0,0,0,0","Hora2":0,"Veículo":"R5"},
{"Hora1":0,"Valores":"0,0,0,0,0,0,0,0","Hora2":0,"Veículo":"R6"}],"Pesquisador2":"l","Pista":"D","Sentido":"BA"},
{"Pesquisador1":"1","Posto":1,"Hora":"10","Local":"1","Data":"2016-05-15","DadosVolumetrica":
[{"Hora1":1,"Valores":"1,0,0,0,0,0,0,0","Hora2":0,"Veículo":"P1"},
{"Hora1":0,"Valores":"0,0,0,0,0,0,0,0","Hora2":0,"Veículo":"P3"},
{"Hora1":0,"Valores":"0,0,0,0,0,0,0,0","Hora2":0,"Veículo":"P2"},
{"Hora1":0,"Valores":"0,0,0,0,0,0,0,0","Hora2":0,"Veículo":"M"},
{"Hora1":0,"Valores":"0,0,0,0,0,0,0,0","Hora2":0,"Veículo":"O1"},
{"Hora1":0,"Valores":"0,0,0,0,0,0,0,0","Hora2":0,"Veículo":"O2"},
{"Hora1":0,"Valores":"0,0,0,0,0,0,0,0","Hora2":0,"Veículo":"O3"},
{"Hora1":0,"Valores":"0,0,0,0,0,0,0,0","Hora2":0,"Veículo":"C1"},
{"Hora1":0,"Valores":"0,0,0,0,0,0,0,0","Hora2":0,"Veículo":"C2"},
{"Hora1":0,"Valores":"0,0,0,0,0,0,0,0","Hora2":0,"Veículo":"C3"},
{"Hora1":0,"Valores":"0,0,0,0,0,0,0,0","Hora2":0,"Veículo":"C4"},
{"Hora1":0,"Valores":"0,0,0,0,0,0,0,0","Hora2":0,"Veículo":"C5"},
{"Hora1":0,"Valores":"0,0,0,0,0,0,0,0","Hora2":0,"Veículo":"S1"},
{"Hora1":0,"Valores":"0,0,0,0,0,0,0,0","Hora2":0,"Veículo":"S2"},
{"Hora1":0,"Valores":"0,0,0,0,0,0,0,0","Hora2":0,"Veículo":"S3"},
{"Hora1":0,"Valores":"0,0,0,0,0,0,0,0","Hora2":0,"Veículo":"S4"},
{"Hora1":0,"Valores":"0,0,0,0,0,0,0,0","Hora2":0,"Veículo":"S5"},
{"Hora1":0,"Valores":"0,0,0,0,0,0,0,0","Hora2":0,"Veículo":"S6"},
{"Hora1":0,"Valores":"0,0,0,0,0,0,0,0","Hora2":0,"Veículo":"SE1"},
{"Hora1":0,"Valores":"0,0,0,0,0,0,0,0","Hora2":0,"Veículo":"SE2"},
{"Hora1":0,"Valores":"0,0,0,0,0,0,0,0","Hora2":0,"Veículo":"SE3"},
{"Hora1":0,"Valores":"0,0,0,0,0,0,0,0","Hora2":0,"Veículo":"SE4"},
{"Hora1":0,"Valores":"0,0,0,0,0,0,0,0","Hora2":0,"Veículo":"SE5"},
{"Hora1":0,"Valores":"0,0,0,0,0,0,0,0","Hora2":0,"Veículo":"R1"},
{"Hora1":0,"Valores":"0,0,0,0,0,0,0,0","Hora2":0,"Veículo":"R2"},
{"Hora1":0,"Valores":"0,0,0,0,0,0,0,0","Hora2":0,"Veículo":"R3"},
{"Hora1":0,"Valores":"0,0,0,0,0,0,0,0","Hora2":0,"Veículo":"R4"},
{"Hora1":0,"Valores":"0,0,0,0,0,0,0,0","Hora2":0,"Veículo":"R5"},
{"Hora1":0,"Valores":"0,0,0,0,0,0,0,0","Hora2":0,"Veículo":"R6"}],"Pesquisador2":"1","Pista":"D","Sentido":"BA"}]