[{"tipo":"p1","valorDoFrete":null,"idAgregado":null,"idLocalEmbarqueCarga":null,"utilizaParadaEspecial":0,"rntrc":null,"pesoDaCarga":null,"idProduto":null,"municipioEmbarqueCarga":null,"cancelado":0,"idIpad":"001001","sentido":"AB","idPerguntaExtra":3,"estaNoNote":1,"idNumeroDeRisco":null,"frequenciaPeriodo":"Eventualmente","idTipoCarroceria":null,"frequenciaQtd":1,"idMotivoDaViagem":6,"numeroDePessoasATrabalho":3,"paradaObrigatoriaMunicipio1":null,"paradaObrigatoriaMunicipio2":null,"idTipoDeContainer":null,"idPropriedadesDoVeiculo":2,"idDestinoMunicipio":5478,"indoPegarCarga":null,"idRendaMedia":6,"possuiCargaPerigosa":0,"idOrigemMunicipio":5475,"idMotivoDeEscolhaDaRota":4,"idLocalDesembarqueCarga":null,"dataIniPesq":"2016-05-14 21:13:13","idOrigemPais":1,"valorDaCarga":null,"numeroDePessoasNoVeiculo":3,"idNumeroDaOnu":null,"idCombustivel":1,"idPosto":211,"placaVermelha":0,"placa":"ERF-2345","placaEstrangeira":0,"idTipoDeViagemOuServico":null,"municipioDesembarqueCarga":null,"categoria":"Leve","possuiReboque":0,"anoDeFabricacao":2010,"idDestinoPais":1,"idPaisPlacaEstrangeira":null,"idCargaAnterior":null,"tipoCaminhao":null,"dataFimPesq":"2016-05-14 21:14:51"},
{"tipo":"p2","valorDoFrete":null,"idAgregado":null,"idLocalEmbarqueCarga":null,"utilizaParadaEspecial":0,"rntrc":null,"pesoDaCarga":null,"idProduto":null,"municipioEmbarqueCarga":null,"cancelado":0,"idIpad":"001001","sentido":"AB","idPerguntaExtra":3,"estaNoNote":1,"idNumeroDeRisco":null,"frequenciaPeriodo":"Ano","idTipoCarroceria":null,"frequenciaQtd":2,"idMotivoDaViagem":8,"numeroDePessoasATrabalho":null,"paradaObrigatoriaMunicipio1":null,"paradaObrigatoriaMunicipio2":null,"idTipoDeContainer":null,"idPropriedadesDoVeiculo":2,"idDestinoMunicipio":4425,"indoPegarCarga":null,"idRendaMedia":5,"possuiCargaPerigosa":0,"idOrigemMunicipio":null,"idMotivoDeEscolhaDaRota":6,"idLocalDesembarqueCarga":null,"dataIniPesq":"2016-05-14 21:14:54","idOrigemPais":4,"valorDaCarga":null,"numeroDePessoasNoVeiculo":9,"idNumeroDaOnu":null,"idCombustivel":5,"idPosto":211,"placaVermelha":0,"placa":"TRUE","placaEstrangeira":0,"idTipoDeViagemOuServico":null,"municipioDesembarqueCarga":null,"categoria":"Leve","possuiReboque":0,"anoDeFabricacao":2013,"idDestinoPais":1,"idPaisPlacaEstrangeira":3,"idCargaAnterior":null,"tipoCaminhao":null,"dataFimPesq":"2016-05-14 21:16:37"},
{"tipo":"m","valorDoFrete":null,"idAgregado":null,"idLocalEmbarqueCarga":null,"utilizaParadaEspecial":0,"rntrc":null,"pesoDaCarga":null,"idProduto":null,"municipioEmbarqueCarga":null,"cancelado":0,"idIpad":"001001","sentido":"AB","idPerguntaExtra":4,"estaNoNote":1,"idNumeroDeRisco":null,"frequenciaPeriodo":"Semana","idTipoCarroceria":null,"frequenciaQtd":3,"idMotivoDaViagem":6,"numeroDePessoasATrabalho":2,"paradaObrigatoriaMunicipio1":null,"paradaObrigatoriaMunicipio2":null,"idTipoDeContainer":null,"idPropriedadesDoVeiculo":2,"idDestinoMunicipio":null,"indoPegarCarga":null,"idRendaMedia":6,"possuiCargaPerigosa":0,"idOrigemMunicipio":null,"idMotivoDeEscolhaDaRota":4,"idLocalDesembarqueCarga":null,"dataIniPesq":"2016-05-14 21:16:53","idOrigemPais":5,"valorDaCarga":null,"numeroDePessoasNoVeiculo":2,"idNumeroDaOnu":null,"idCombustivel":4,"idPosto":211,"placaVermelha":0,"placa":"DDE-4932","placaEstrangeira":0,"idTipoDeViagemOuServico":null,"municipioDesembarqueCarga":null,"categoria":"Moto","possuiReboque":0,"anoDeFabricacao":2014,"idDestinoPais":9,"idPaisPlacaEstrangeira":null,"idCargaAnterior":null,"tipoCaminhao":null,"dataFimPesq":"2016-05-14 21:18:56"},
{"tipo":"o1","valorDoFrete":null,"idAgregado":null,"idLocalEmbarqueCarga":null,"utilizaParadaEspecial":0,"rntrc":null,"pesoDaCarga":null,"idProduto":null,"municipioEmbarqueCarga":null,"cancelado":0,"idIpad":"001001","sentido":"AB","idPerguntaExtra":3,"estaNoNote":1,"idNumeroDeRisco":null,"frequenciaPeriodo":"Semana","idTipoCarroceria":null,"frequenciaQtd":4,"idMotivoDaViagem":null,"numeroDePessoasATrabalho":null,"paradaObrigatoriaMunicipio1":null,"paradaObrigatoriaMunicipio2":null,"idTipoDeContainer":null,"idPropriedadesDoVeiculo":1,"idDestinoMunicipio":5991,"indoPegarCarga":null,"idRendaMedia":null,"possuiCargaPerigosa":0,"idOrigemMunicipio":6860,"idMotivoDeEscolhaDaRota":null,"idLocalDesembarqueCarga":null,"dataIniPesq":"2016-05-14 21:19:02","idOrigemPais":1,"valorDaCarga":null,"numeroDePessoasNoVeiculo":56,"idNumeroDaOnu":null,"idCombustivel":null,"idPosto":211,"placaVermelha":0,"placa":"RTI-2476","placaEstrangeira":0,"idTipoDeViagemOuServico":3,"municipioDesembarqueCarga":null,"categoria":"Onibus","possuiReboque":0,"anoDeFabricacao":2016,"idDestinoPais":1,"idPaisPlacaEstrangeira":null,"idCargaAnterior":null,"tipoCaminhao":null,"dataFimPesq":"2016-05-14 21:21:29"},
{"tipo":"o3","valorDoFrete":null,"idAgregado":null,"idLocalEmbarqueCarga":null,"utilizaParadaEspecial":0,"rntrc":null,"pesoDaCarga":null,"idProduto":null,"municipioEmbarqueCarga":null,"cancelado":0,"idIpad":"001001","sentido":"AB","idPerguntaExtra":1,"estaNoNote":1,"idNumeroDeRisco":null,"frequenciaPeriodo":"Dia","idTipoCarroceria":null,"frequenciaQtd":1,"idMotivoDaViagem":null,"numeroDePessoasATrabalho":null,"paradaObrigatoriaMunicipio1":null,"paradaObrigatoriaMunicipio2":null,"idTipoDeContainer":null,"idPropriedadesDoVeiculo":11,"idDestinoMunicipio":null,"indoPegarCarga":null,"idRendaMedia":null,"possuiCargaPerigosa":0,"idOrigemMunicipio":null,"idMotivoDeEscolhaDaRota":null,"idLocalDesembarqueCarga":null,"dataIniPesq":"2016-05-14 21:21:41","idOrigemPais":13,"valorDaCarga":null,"numeroDePessoasNoVeiculo":45,"idNumeroDaOnu":null,"idCombustivel":null,"idPosto":211,"placaVermelha":0,"placa":"FALSE","placaEstrangeira":0,"idTipoDeViagemOuServico":1,"municipioDesembarqueCarga":null,"categoria":"Onibus","possuiReboque":0,"anoDeFabricacao":1900,"idDestinoPais":2,"idPaisPlacaEstrangeira":13,"idCargaAnterior":null,"tipoCaminhao":null,"dataFimPesq":"2016-05-14 21:22:56"},
{"tipo":"c1","valorDoFrete":null,"idAgregado":null,"idLocalEmbarqueCarga":null,"utilizaParadaEspecial":0,"rntrc":null,"pesoDaCarga":null,"idProduto":null,"municipioEmbarqueCarga":null,"cancelado":0,"idIpad":"001001","sentido":"AB","idPerguntaExtra":2,"estaNoNote":1,"idNumeroDeRisco":null,"frequenciaPeriodo":"Semana","idTipoCarroceria":4,"frequenciaQtd":5,"idMotivoDaViagem":null,"numeroDePessoasATrabalho":null,"paradaObrigatoriaMunicipio1":null,"paradaObrigatoriaMunicipio2":null,"idTipoDeContainer":null,"idPropriedadesDoVeiculo":3,"idDestinoMunicipio":null,"indoPegarCarga":0,"idRendaMedia":null,"possuiCargaPerigosa":0,"idOrigemMunicipio":2265,"idMotivoDeEscolhaDaRota":4,"idLocalDesembarqueCarga":null,"dataIniPesq":"2016-05-14 21:23:21","idOrigemPais":1,"valorDaCarga":null,"numeroDePessoasNoVeiculo":null,"idNumeroDaOnu":null,"idCombustivel":null,"idPosto":211,"placaVermelha":0,"placa":"ERR-9807","placaEstrangeira":0,"idTipoDeViagemOuServico":null,"municipioDesembarqueCarga":null,"categoria":"Pesado","possuiReboque":0,"anoDeFabricacao":2015,"idDestinoPais":8,"idPaisPlacaEstrangeira":null,"idCargaAnterior":null,"tipoCaminhao":"Leve","dataFimPesq":"2016-05-14 21:25:05"},
{"tipo":"s3","valorDoFrete":null,"idAgregado":null,"idLocalEmbarqueCarga":null,"utilizaParadaEspecial":0,"rntrc":"ETC12345678","pesoDaCarga":null,"idProduto":null,"municipioEmbarqueCarga":null,"cancelado":0,"idIpad":"001001","sentido":"AB","idPerguntaExtra":1,"estaNoNote":1,"idNumeroDeRisco":null,"frequenciaPeriodo":"Ano","idTipoCarroceria":6,"frequenciaQtd":7,"idMotivoDaViagem":null,"numeroDePessoasATrabalho":null,"paradaObrigatoriaMunicipio1":5475,"paradaObrigatoriaMunicipio2":null,"idTipoDeContainer":null,"idPropriedadesDoVeiculo":10,"idDestinoMunicipio":5472,"indoPegarCarga":1,"idRendaMedia":null,"possuiCargaPerigosa":0,"idOrigemMunicipio":null,"idMotivoDeEscolhaDaRota":9,"idLocalDesembarqueCarga":null,"dataIniPesq":"2016-05-14 21:25:14","idOrigemPais":4,"valorDaCarga":null,"numeroDePessoasNoVeiculo":null,"idNumeroDaOnu":null,"idCombustivel":null,"idPosto":211,"placaVermelha":0,"placa":"RIF","placaEstrangeira":0,"idTipoDeViagemOuServico":null,"municipioDesembarqueCarga":null,"categoria":"Pesado","possuiReboque":0,"anoDeFabricacao":2016,"idDestinoPais":1,"idPaisPlacaEstrangeira":4,"idCargaAnterior":1,"tipoCaminhao":"Semirreboque","dataFimPesq":"2016-05-14 21:27:51"},
{"tipo":"se3","valorDoFrete":0.03,"idAgregado":null,"idLocalEmbarqueCarga":1,"utilizaParadaEspecial":0,"rntrc":null,"pesoDaCarga":400,"idProduto":9,"municipioEmbarqueCarga":1883,"cancelado":0,"idIpad":"001001","sentido":"AB","idPerguntaExtra":1,"estaNoNote":1,"idNumeroDeRisco":18,"frequenciaPeriodo":"Dia","idTipoCarroceria":13,"frequenciaQtd":2,"idMotivoDaViagem":null,"numeroDePessoasATrabalho":null,"paradaObrigatoriaMunicipio1":5473,"paradaObrigatoriaMunicipio2":6228,"idTipoDeContainer":null,"idPropriedadesDoVeiculo":3,"idDestinoMunicipio":null,"indoPegarCarga":null,"idRendaMedia":null,"possuiCargaPerigosa":0,"idOrigemMunicipio":null,"idMotivoDeEscolhaDaRota":1,"idLocalDesembarqueCarga":7,"dataIniPesq":"2016-05-14 21:28:06","idOrigemPais":4,"valorDaCarga":0.08,"numeroDePessoasNoVeiculo":null,"idNumeroDaOnu":4,"idCombustivel":null,"idPosto":211,"placaVermelha":0,"placa":"FRT-5437","placaEstrangeira":0,"idTipoDeViagemOuServico":null,"municipioDesembarqueCarga":6232,"categoria":"Pesado","possuiReboque":0,"anoDeFabricacao":2011,"idDestinoPais":8,"idPaisPlacaEstrangeira":null,"idCargaAnterior":null,"tipoCaminhao":"Semirreboque Especial","dataFimPesq":"2016-05-14 21:43:26"},
{"tipo":"se3","valorDoFrete":null,"idAgregado":null,"idLocalEmbarqueCarga":null,"utilizaParadaEspecial":0,"rntrc":"CTC87654321","pesoDaCarga":null,"idProduto":null,"municipioEmbarqueCarga":null,"cancelado":0,"idIpad":"001001","sentido":"AB","idPerguntaExtra":3,"estaNoNote":1,"idNumeroDeRisco":27,"frequenciaPeriodo":"Eventualmente","idTipoCarroceria":9,"frequenciaQtd":1,"idMotivoDaViagem":null,"numeroDePessoasATrabalho":null,"paradaObrigatoriaMunicipio1":null,"paradaObrigatoriaMunicipio2":null,"idTipoDeContainer":null,"idPropriedadesDoVeiculo":10,"idDestinoMunicipio":null,"indoPegarCarga":1,"idRendaMedia":null,"possuiCargaPerigosa":0,"idOrigemMunicipio":7338,"idMotivoDeEscolhaDaRota":5,"idLocalDesembarqueCarga":null,"dataIniPesq":"2016-05-14 21:43:39","idOrigemPais":1,"valorDaCarga":null,"numeroDePessoasNoVeiculo":null,"idNumeroDaOnu":2185,"idCombustivel":null,"idPosto":211,"placaVermelha":0,"placa":"DRTTY","placaEstrangeira":0,"idTipoDeViagemOuServico":null,"municipioDesembarqueCarga":null,"categoria":"Pesado","possuiReboque":0,"anoDeFabricacao":2009,"idDestinoPais":7,"idPaisPlacaEstrangeira":2,"idCargaAnterior":782,"tipoCaminhao":"Semirreboque Especial","dataFimPesq":"2016-05-14 21:46:35"},
{"tipo":"r4","valorDoFrete":7.56,"idAgregado":null,"idLocalEmbarqueCarga":null,"utilizaParadaEspecial":0,"rntrc":"ETC57843276","pesoDaCarga":450,"idProduto":729,"municipioEmbarqueCarga":null,"cancelado":0,"idIpad":"001001","sentido":"AB","idPerguntaExtra":2,"estaNoNote":1,"idNumeroDeRisco":18,"frequenciaPeriodo":"Eventualmente","idTipoCarroceria":10,"frequenciaQtd":1,"idMotivoDaViagem":null,"numeroDePessoasATrabalho":null,"paradaObrigatoriaMunicipio1":null,"paradaObrigatoriaMunicipio2":null,"idTipoDeContainer":4,"idPropriedadesDoVeiculo":7,"idDestinoMunicipio":null,"indoPegarCarga":null,"idRendaMedia":null,"possuiCargaPerigosa":0,"idOrigemMunicipio":null,"idMotivoDeEscolhaDaRota":1,"idLocalDesembarqueCarga":1,"dataIniPesq":"2016-05-14 21:46:38","idOrigemPais":5,"valorDaCarga":9.88,"numeroDePessoasNoVeiculo":null,"idNumeroDaOnu":4,"idCombustivel":null,"idPosto":211,"placaVermelha":0,"placa":"RTY-5799","placaEstrangeira":0,"idTipoDeViagemOuServico":null,"municipioDesembarqueCarga":3790,"categoria":"Pesado","possuiReboque":0,"anoDeFabricacao":2013,"idDestinoPais":8,"idPaisPlacaEstrangeira":null,"idCargaAnterior":null,"tipoCaminhao":"Reboque","dataFimPesq":"2016-05-14 21:51:43"},
{"tipo":"r1","valorDoFrete":null,"idAgregado":null,"idLocalEmbarqueCarga":null,"utilizaParadaEspecial":0,"rntrc":null,"pesoDaCarga":null,"idProduto":null,"municipioEmbarqueCarga":null,"cancelado":0,"idIpad":"001001","sentido":"AB","idPerguntaExtra":1,"estaNoNote":1,"idNumeroDeRisco":null,"frequenciaPeriodo":"Eventualmente","idTipoCarroceria":2,"frequenciaQtd":1,"idMotivoDaViagem":null,"numeroDePessoasATrabalho":null,"paradaObrigatoriaMunicipio1":null,"paradaObrigatoriaMunicipio2":null,"idTipoDeContainer":null,"idPropriedadesDoVeiculo":3,"idDestinoMunicipio":null,"indoPegarCarga":1,"idRendaMedia":null,"possuiCargaPerigosa":0,"idOrigemMunicipio":null,"idMotivoDeEscolhaDaRota":3,"idLocalDesembarqueCarga":null,"dataIniPesq":"2016-05-14 21:51:46","idOrigemPais":8,"valorDaCarga":null,"numeroDePessoasNoVeiculo":null,"idNumeroDaOnu":null,"idCombustivel":null,"idPosto":211,"placaVermelha":0,"placa":"JHFJHF","placaEstrangeira":0,"idTipoDeViagemOuServico":null,"municipioDesembarqueCarga":null,"categoria":"Pesado","possuiReboque":0,"anoDeFabricacao":2013,"idDestinoPais":4,"idPaisPlacaEstrangeira":2,"idCargaAnterior":null,"tipoCaminhao":"Reboque","dataFimPesq":"2016-05-14 21:52:54"},
{"tipo":"se2","valorDoFrete":474.47,"idAgregado":null,"idLocalEmbarqueCarga":1,"utilizaParadaEspecial":0,"rntrc":null,"pesoDaCarga":4500,"idProduto":165,"municipioEmbarqueCarga":5486,"cancelado":0,"idIpad":"001001","sentido":"AB","idPerguntaExtra":2,"estaNoNote":1,"idNumeroDeRisco":18,"frequenciaPeriodo":"Mês","idTipoCarroceria":12,"frequenciaQtd":3,"idMotivoDaViagem":null,"numeroDePessoasATrabalho":null,"paradaObrigatoriaMunicipio1":3012,"paradaObrigatoriaMunicipio2":null,"idTipoDeContainer":null,"idPropriedadesDoVeiculo":3,"idDestinoMunicipio":5494,"indoPegarCarga":null,"idRendaMedia":null,"possuiCargaPerigosa":0,"idOrigemMunicipio":6586,"idMotivoDeEscolhaDaRota":3,"idLocalDesembarqueCarga":null,"dataIniPesq":"2016-05-14 21:52:57","idOrigemPais":1,"valorDaCarga":6.4747373727E8,"numeroDePessoasNoVeiculo":null,"idNumeroDaOnu":4,"idCombustivel":null,"idPosto":211,"placaVermelha":0,"placa":"JHF-7647","placaEstrangeira":0,"idTipoDeViagemOuServico":null,"municipioDesembarqueCarga":null,"categoria":"Pesado","possuiReboque":0,"anoDeFabricacao":2011,"idDestinoPais":1,"idPaisPlacaEstrangeira":null,"idCargaAnterior":null,"tipoCaminhao":"Semirreboque Especial","dataFimPesq":"2016-05-14 21:55:42"},
{"tipo":"c4","valorDoFrete":3.44837273738E9,"idAgregado":null,"idLocalEmbarqueCarga":7,"utilizaParadaEspecial":0,"rntrc":"ETC34543900","pesoDaCarga":384.7,"idProduto":18,"municipioEmbarqueCarga":5471,"cancelado":0,"idIpad":"001001","sentido":"BA","idPerguntaExtra":null,"estaNoNote":1,"idNumeroDeRisco":null,"frequenciaPeriodo":"Eventualmente","idTipoCarroceria":10,"frequenciaQtd":1,"idMotivoDaViagem":null,"numeroDePessoasATrabalho":null,"paradaObrigatoriaMunicipio1":null,"paradaObrigatoriaMunicipio2":null,"idTipoDeContainer":2,"idPropriedadesDoVeiculo":10,"idDestinoMunicipio":null,"indoPegarCarga":null,"idRendaMedia":null,"possuiCargaPerigosa":0,"idOrigemMunicipio":null,"idMotivoDeEscolhaDaRota":7,"idLocalDesembarqueCarga":1,"dataIniPesq":"2016-05-14 21:57:48","idOrigemPais":2,"valorDaCarga":3.838383838E7,"numeroDePessoasNoVeiculo":null,"idNumeroDaOnu":null,"idCombustivel":null,"idPosto":91,"placaVermelha":0,"placa":"ERT","placaEstrangeira":0,"idTipoDeViagemOuServico":null,"municipioDesembarqueCarga":1609,"categoria":"Pesado","possuiReboque":0,"anoDeFabricacao":2012,"idDestinoPais":13,"idPaisPlacaEstrangeira":5,"idCargaAnterior":null,"tipoCaminhao":"Leve","dataFimPesq":"2016-05-14 22:04:39"},
{"tipo":"S1","valorDoFrete":543.35,"idAgregado":null,"idLocalEmbarqueCarga":null,"utilizaParadaEspecial":0,"rntrc":null,"pesoDaCarga":8800,"idProduto":1,"municipioEmbarqueCarga":null,"cancelado":0,"idIpad":"001001","sentido":"AB","idPerguntaExtra":null,"estaNoNote":1,"idNumeroDeRisco":null,"frequenciaPeriodo":"Eventualmente","idTipoCarroceria":4,"frequenciaQtd":1,"idMotivoDaViagem":null,"numeroDePessoasATrabalho":null,"paradaObrigatoriaMunicipio1":null,"paradaObrigatoriaMunicipio2":null,"idTipoDeContainer":null,"idPropriedadesDoVeiculo":3,"idDestinoMunicipio":null,"indoPegarCarga":null,"idRendaMedia":null,"possuiCargaPerigosa":0,"idOrigemMunicipio":null,"idMotivoDeEscolhaDaRota":5,"idLocalDesembarqueCarga":6,"dataIniPesq":"2016-05-15 00:48:00","idOrigemPais":4,"valorDaCarga":646.57,"numeroDePessoasNoVeiculo":null,"idNumeroDaOnu":null,"idCombustivel":null,"idPosto":91,"placaVermelha":0,"placa":"TTT-5555","placaEstrangeira":0,"idTipoDeViagemOuServico":null,"municipioDesembarqueCarga":1609,"categoria":"Pesado","possuiReboque":0,"anoDeFabricacao":2016,"idDestinoPais":12,"idPaisPlacaEstrangeira":null,"idCargaAnterior":null,"tipoCaminhao":"Semirreboque","dataFimPesq":"2016-05-15 00:49:18"},
{"tipo":"C4","valorDoFrete":null,"idAgregado":null,"idLocalEmbarqueCarga":null,"utilizaParadaEspecial":0,"rntrc":null,"pesoDaCarga":null,"idProduto":null,"municipioEmbarqueCarga":null,"cancelado":1,"idIpad":"001001","sentido":"AB","idPerguntaExtra":null,"estaNoNote":1,"idNumeroDeRisco":null,"frequenciaPeriodo":null,"idTipoCarroceria":10,"frequenciaQtd":null,"idMotivoDaViagem":null,"numeroDePessoasATrabalho":null,"paradaObrigatoriaMunicipio1":null,"paradaObrigatoriaMunicipio2":null,"idTipoDeContainer":null,"idPropriedadesDoVeiculo":null,"idDestinoMunicipio":null,"indoPegarCarga":null,"idRendaMedia":null,"possuiCargaPerigosa":0,"idOrigemMunicipio":null,"idMotivoDeEscolhaDaRota":null,"idLocalDesembarqueCarga":null,"dataIniPesq":"2016-05-15 12:33:56","idOrigemPais":null,"valorDaCarga":null,"numeroDePessoasNoVeiculo":null,"idNumeroDaOnu":null,"idCombustivel":null,"idPosto":0,"placaVermelha":0,"placa":null,"placaEstrangeira":0,"idTipoDeViagemOuServico":null,"municipioDesembarqueCarga":null,"categoria":"Pesado","possuiReboque":0,"anoDeFabricacao":null,"idDestinoPais":null,"idPaisPlacaEstrangeira":null,"idCargaAnterior":null,"tipoCaminhao":"Leve","dataFimPesq":"2016-05-15 12:34:24"},
{"tipo":null,"valorDoFrete":null,"idAgregado":null,"idLocalEmbarqueCarga":null,"utilizaParadaEspecial":0,"rntrc":null,"pesoDaCarga":null,"idProduto":null,"municipioEmbarqueCarga":null,"cancelado":1,"idIpad":"001001","sentido":"AB","idPerguntaExtra":null,"estaNoNote":1,"idNumeroDeRisco":null,"frequenciaPeriodo":null,"idTipoCarroceria":null,"frequenciaQtd":null,"idMotivoDaViagem":null,"numeroDePessoasATrabalho":null,"paradaObrigatoriaMunicipio1":null,"paradaObrigatoriaMunicipio2":null,"idTipoDeContainer":null,"idPropriedadesDoVeiculo":null,"idDestinoMunicipio":null,"indoPegarCarga":null,"idRendaMedia":null,"possuiCargaPerigosa":0,"idOrigemMunicipio":null,"idMotivoDeEscolhaDaRota":null,"idLocalDesembarqueCarga":null,"dataIniPesq":"2016-05-15 12:34:27","idOrigemPais":null,"valorDaCarga":null,"numeroDePessoasNoVeiculo":null,"idNumeroDaOnu":null,"idCombustivel":null,"idPosto":0,"placaVermelha":0,"placa":null,"placaEstrangeira":0,"idTipoDeViagemOuServico":null,"municipioDesembarqueCarga":null,"categoria":null,"possuiReboque":0,"anoDeFabricacao":null,"idDestinoPais":null,"idPaisPlacaEstrangeira":null,"idCargaAnterior":null,"tipoCaminhao":null,"dataFimPesq":"2016-05-15 12:34:37"},
{"tipo":"P1","valorDoFrete":null,"idAgregado":null,"idLocalEmbarqueCarga":null,"utilizaParadaEspecial":null,"rntrc":null,"pesoDaCarga":null,"idProduto":null,"municipioEmbarqueCarga":null,"cancelado":0,"idIpad":"001001","sentido":"AB","idPerguntaExtra":3,"estaNoNote":1,"idNumeroDeRisco":null,"frequenciaPeriodo":"Eventualmente","idTipoCarroceria":null,"frequenciaQtd":1,"idMotivoDaViagem":6,"numeroDePessoasATrabalho":9,"paradaObrigatoriaMunicipio1":null,"paradaObrigatoriaMunicipio2":null,"idTipoDeContainer":null,"idPropriedadesDoVeiculo":2,"idDestinoMunicipio":4710,"indoPegarCarga":null,"idRendaMedia":6,"possuiCargaPerigosa":null,"idOrigemMunicipio":5484,"idMotivoDeEscolhaDaRota":5,"idLocalDesembarqueCarga":null,"dataIniPesq":"2016-05-15 16:35:08","idOrigemPais":1,"valorDaCarga":null,"numeroDePessoasNoVeiculo":9,"idNumeroDaOnu":null,"idCombustivel":3,"idPosto":211,"placaVermelha":null,"placa":"RET-6547","placaEstrangeira":0,"idTipoDeViagemOuServico":null,"municipioDesembarqueCarga":null,"categoria":"Leve","possuiReboque":0,"anoDeFabricacao":2012,"idDestinoPais":1,"idPaisPlacaEstrangeira":null,"idCargaAnterior":null,"tipoCaminhao":null,"dataFimPesq":"2016-05-15 16:37:09"},
{"tipo":"P1","valorDoFrete":null,"idAgregado":null,"idLocalEmbarqueCarga":null,"utilizaParadaEspecial":null,"rntrc":null,"pesoDaCarga":null,"idProduto":null,"municipioEmbarqueCarga":null,"cancelado":0,"idIpad":"001001","sentido":"AB","idPerguntaExtra":4,"estaNoNote":1,"idNumeroDeRisco":null,"frequenciaPeriodo":"Ano","idTipoCarroceria":null,"frequenciaQtd":2,"idMotivoDaViagem":3,"numeroDePessoasATrabalho":null,"paradaObrigatoriaMunicipio1":null,"paradaObrigatoriaMunicipio2":null,"idTipoDeContainer":null,"idPropriedadesDoVeiculo":11,"idDestinoMunicipio":5493,"indoPegarCarga":null,"idRendaMedia":8,"possuiCargaPerigosa":null,"idOrigemMunicipio":null,"idMotivoDeEscolhaDaRota":6,"idLocalDesembarqueCarga":null,"dataIniPesq":"2016-05-15 16:37:32","idOrigemPais":2,"valorDaCarga":null,"numeroDePessoasNoVeiculo":7,"idNumeroDaOnu":null,"idCombustivel":1,"idPosto":211,"placaVermelha":null,"placa":"FEDRT","placaEstrangeira":1,"idTipoDeViagemOuServico":null,"municipioDesembarqueCarga":null,"categoria":"Leve","possuiReboque":1,"anoDeFabricacao":2007,"idDestinoPais":1,"idPaisPlacaEstrangeira":2,"idCargaAnterior":null,"tipoCaminhao":null,"dataFimPesq":"2016-05-15 16:38:52"},
{"tipo":"O1","valorDoFrete":null,"idAgregado":null,"idLocalEmbarqueCarga":null,"utilizaParadaEspecial":null,"rntrc":null,"pesoDaCarga":null,"idProduto":null,"municipioEmbarqueCarga":null,"cancelado":0,"idIpad":"001001","sentido":"AB","idPerguntaExtra":2,"estaNoNote":1,"idNumeroDeRisco":null,"frequenciaPeriodo":"Eventualmente","idTipoCarroceria":null,"frequenciaQtd":1,"idMotivoDaViagem":null,"numeroDePessoasATrabalho":null,"paradaObrigatoriaMunicipio1":null,"paradaObrigatoriaMunicipio2":null,"idTipoDeContainer":null,"idPropriedadesDoVeiculo":4,"idDestinoMunicipio":null,"indoPegarCarga":null,"idRendaMedia":null,"possuiCargaPerigosa":null,"idOrigemMunicipio":null,"idMotivoDeEscolhaDaRota":null,"idLocalDesembarqueCarga":null,"dataIniPesq":"2016-05-15 17:32:07","idOrigemPais":4,"valorDaCarga":null,"numeroDePessoasNoVeiculo":9999,"idNumeroDaOnu":null,"idCombustivel":null,"idPosto":211,"placaVermelha":null,"placa":"TTT-5455","placaEstrangeira":0,"idTipoDeViagemOuServico":3,"municipioDesembarqueCarga":null,"categoria":"Onibus","possuiReboque":null,"anoDeFabricacao":2014,"idDestinoPais":6,"idPaisPlacaEstrangeira":null,"idCargaAnterior":null,"tipoCaminhao":null,"dataFimPesq":"2016-05-15 17:33:04"},
{"tipo":"P1","valorDoFrete":null,"idAgregado":null,"idLocalEmbarqueCarga":null,"utilizaParadaEspecial":null,"rntrc":null,"pesoDaCarga":null,"idProduto":null,"municipioEmbarqueCarga":null,"cancelado":0,"idIpad":"001001","sentido":"AB","idPerguntaExtra":4,"estaNoNote":1,"idNumeroDeRisco":null,"frequenciaPeriodo":"Eventualmente","idTipoCarroceria":null,"frequenciaQtd":1,"idMotivoDaViagem":6,"numeroDePessoasATrabalho":7,"paradaObrigatoriaMunicipio1":null,"paradaObrigatoriaMunicipio2":null,"idTipoDeContainer":null,"idPropriedadesDoVeiculo":4,"idDestinoMunicipio":null,"indoPegarCarga":null,"idRendaMedia":3,"possuiCargaPerigosa":null,"idOrigemMunicipio":null,"idMotivoDeEscolhaDaRota":2,"idLocalDesembarqueCarga":null,"dataIniPesq":"2016-05-15 17:33:08","idOrigemPais":4,"valorDaCarga":null,"numeroDePessoasNoVeiculo":7,"idNumeroDaOnu":null,"idCombustivel":2,"idPosto":211,"placaVermelha":null,"placa":"GGG-5556","placaEstrangeira":0,"idTipoDeViagemOuServico":null,"municipioDesembarqueCarga":null,"categoria":"Leve","possuiReboque":0,"anoDeFabricacao":2011,"idDestinoPais":9,"idPaisPlacaEstrangeira":null,"idCargaAnterior":null,"tipoCaminhao":null,"dataFimPesq":"2016-05-15 17:35:30"},
{"tipo":"M","valorDoFrete":null,"idAgregado":null,"idLocalEmbarqueCarga":null,"utilizaParadaEspecial":null,"rntrc":null,"pesoDaCarga":null,"idProduto":null,"municipioEmbarqueCarga":null,"cancelado":0,"idIpad":"001001","sentido":"AB","idPerguntaExtra":2,"estaNoNote":1,"idNumeroDeRisco":null,"frequenciaPeriodo":"Eventualmente","idTipoCarroceria":null,"frequenciaQtd":1,"idMotivoDaViagem":5,"numeroDePessoasATrabalho":null,"paradaObrigatoriaMunicipio1":null,"paradaObrigatoriaMunicipio2":null,"idTipoDeContainer":null,"idPropriedadesDoVeiculo":4,"idDestinoMunicipio":null,"indoPegarCarga":null,"idRendaMedia":4,"possuiCargaPerigosa":null,"idOrigemMunicipio":null,"idMotivoDeEscolhaDaRota":6,"idLocalDesembarqueCarga":null,"dataIniPesq":"2016-05-15 17:36:11","idOrigemPais":4,"valorDaCarga":null,"numeroDePessoasNoVeiculo":2,"idNumeroDaOnu":null,"idCombustivel":2,"idPosto":211,"placaVermelha":null,"placa":"T","placaEstrangeira":1,"idTipoDeViagemOuServico":null,"municipioDesembarqueCarga":null,"categoria":"Moto","possuiReboque":0,"anoDeFabricacao":2014,"idDestinoPais":9,"idPaisPlacaEstrangeira":5,"idCargaAnterior":null,"tipoCaminhao":null,"dataFimPesq":"2016-05-15 17:37:28"},
{"tipo":"R3","valorDoFrete":null,"idAgregado":null,"idLocalEmbarqueCarga":null,"utilizaParadaEspecial":null,"rntrc":null,"pesoDaCarga":null,"idProduto":null,"municipioEmbarqueCarga":null,"cancelado":0,"idIpad":"001001","sentido":"AB","idPerguntaExtra":2,"estaNoNote":1,"idNumeroDeRisco":null,"frequenciaPeriodo":"Semana","idTipoCarroceria":13,"frequenciaQtd":6,"idMotivoDaViagem":null,"numeroDePessoasATrabalho":null,"paradaObrigatoriaMunicipio1":null,"paradaObrigatoriaMunicipio2":null,"idTipoDeContainer":null,"idPropriedadesDoVeiculo":3,"idDestinoMunicipio":6627,"indoPegarCarga":0,"idRendaMedia":null,"possuiCargaPerigosa":0,"idOrigemMunicipio":5967,"idMotivoDeEscolhaDaRota":7,"idLocalDesembarqueCarga":null,"dataIniPesq":"2016-05-15 17:37:36","idOrigemPais":1,"valorDaCarga":null,"numeroDePessoasNoVeiculo":null,"idNumeroDaOnu":null,"idCombustivel":null,"idPosto":211,"placaVermelha":0,"placa":"YTR","placaEstrangeira":1,"idTipoDeViagemOuServico":null,"municipioDesembarqueCarga":null,"categoria":"Pesado","possuiReboque":null,"anoDeFabricacao":2013,"idDestinoPais":1,"idPaisPlacaEstrangeira":4,"idCargaAnterior":null,"tipoCaminhao":"Reboque","dataFimPesq":"2016-05-15 17:38:59"}]