[{"Pesquisador1":"666","Posto":2,"Hora":"10","Local":"qualuer","Data":"2016-05-17","DadosVolumetrica":
[{"Hora1":0,"Valores":"0,0,0,0,0,0,0,0","Hora2":0,"Veiculo":"P1"},
{"Hora1":0,"Valores":"0,0,0,0,0,0,0,0","Hora2":0,"Veiculo":"P3"},
{"Hora1":0,"Valores":"0,0,0,0,0,0,0,0","Hora2":0,"Veiculo":"P2"},
{"Hora1":0,"Valores":"0,0,0,0,0,0,0,0","Hora2":0,"Veiculo":"M"},
{"Hora1":0,"Valores":"0,0,0,0,0,0,0,0","Hora2":0,"Veiculo":"O1"},
{"Hora1":0,"Valores":"0,0,0,0,0,0,0,0","Hora2":0,"Veiculo":"O2"},
{"Hora1":0,"Valores":"0,0,0,0,0,0,0,0","Hora2":0,"Veiculo":"O3"},
{"Hora1":0,"Valores":"0,0,0,0,0,0,0,0","Hora2":0,"Veiculo":"C1"},
{"Hora1":0,"Valores":"0,0,0,0,0,0,0,0","Hora2":0,"Veiculo":"C2"},
{"Hora1":0,"Valores":"0,0,0,0,0,0,0,0","Hora2":0,"Veiculo":"C3"},
{"Hora1":0,"Valores":"0,0,0,0,0,0,0,0","Hora2":0,"Veiculo":"C4"},
{"Hora1":0,"Valores":"0,0,0,0,0,0,0,0","Hora2":0,"Veiculo":"C5"},
{"Hora1":0,"Valores":"0,0,0,0,0,0,0,0","Hora2":0,"Veiculo":"S1"},
{"Hora1":0,"Valores":"0,0,0,0,0,0,0,0","Hora2":0,"Veiculo":"S2"},
{"Hora1":0,"Valores":"0,0,0,0,0,0,0,0","Hora2":0,"Veiculo":"S3"},
{"Hora1":0,"Valores":"0,0,0,0,0,0,0,0","Hora2":0,"Veiculo":"S4"},
{"Hora1":0,"Valores":"0,0,0,0,0,0,0,0","Hora2":0,"Veiculo":"S5"},
{"Hora1":0,"Valores":"0,0,0,0,0,0,0,0","Hora2":0,"Veiculo":"S6"},
{"Hora1":0,"Valores":"0,0,0,0,0,0,0,0","Hora2":0,"Veiculo":"SE1"},
{"Hora1":0,"Valores":"0,0,0,0,0,0,0,0","Hora2":0,"Veiculo":"SE2"},
{"Hora1":0,"Valores":"0,0,0,0,0,0,0,0","Hora2":0,"Veiculo":"SE3"},
{"Hora1":0,"Valores":"0,0,0,0,0,0,0,0","Hora2":0,"Veiculo":"SE4"},
{"Hora1":0,"Valores":"0,0,0,0,0,0,0,0","Hora2":0,"Veiculo":"SE5"},
{"Hora1":0,"Valores":"0,0,0,0,0,0,0,0","Hora2":0,"Veiculo":"R1"},
{"Hora1":0,"Valores":"0,0,0,0,0,0,0,0","Hora2":0,"Veiculo":"R2"},
{"Hora1":0,"Valores":"0,0,0,0,0,0,0,0","Hora2":0,"Veiculo":"R3"},
{"Hora1":0,"Valores":"0,0,0,0,0,0,0,0","Hora2":0,"Veiculo":"R4"},
{"Hora1":0,"Valores":"0,0,0,0,0,0,0,0","Hora2":0,"Veiculo":"R5"},
{"Hora1":0,"Valores":"0,0,0,0,0,0,0,0","Hora2":0,"Veiculo":"R6"}],"Pesquisador2":"888","Pista":"S","Sentido":"BA"}]